Particle_ID,Time (s),X (m),Y (m),Z (m),Vx (m/s),Vy (m/s),Vz (m/s),Fx (N),Fy (N),Fz (N),ωx (rad/s),ωy (rad/s),ωz (rad/s),τx (pN·μm),τy (pN·μm),τz (pN·μm)
0,5.000000e-04,2.390320e-06,5.920528e-09,1.436650e-08,-2.193606e-04,1.184106e-05,2.873301e-05,-2.067427e-13,6.881896e-15,2.708025e-14,0.000000e+00,0.000000e+00,2.920764e+00,0.000000e+00,0.000000e+00,1.247963e-08
0,1.000000e-03,2.295766e-06,-1.993043e-08,-3.244923e-08,-1.891078e-04,-5.170191e-05,-9.363147e-05,-1.782166e-13,-5.410189e-14,-8.824572e-14,0.000000e+00,0.000000e+00,-2.381903e+01,0.000000e+00,0.000000e+00,1.498897e-08
0,1.500000e-03,2.292889e-06,-8.765561e-08,-5.652748e-08,-5.753454e-06,-1.354504e-04,-4.815649e-05,-5.522082e-15,-1.391528e-13,-4.538637e-14,0.000000e+00,0.000000e+00,-6.432943e+01,-0.000000e+00,-0.000000e+00,3.079279e-08
0,2.000000e-03,2.216231e-06,-2.570164e-08,-2.330979e-08,-1.533163e-04,1.239080e-04,6.643537e-05,-1.449501e-13,1.049385e-13,6.261399e-14,0.000000e+00,0.000000e+00,4.592870e+01,-0.000000e+00,0.000000e+00,3.173096e-08
0,2.500000e-03,2.088473e-06,-2.095916e-08,-2.320907e-08,-2.555161e-04,9.484947e-06,2.014389e-07,-2.411029e-13,-1.559917e-14,1.897789e-16,0.000000e+00,0.000000e+00,-8.805565e+00,-0.000000e+00,0.000000e+00,6.346791e-08
0,3.000000e-03,2.056348e-06,-1.841516e-08,2.112399e-08,-6.425022e-05,5.088008e-06,8.866612e-05,-6.105415e-14,-4.502210e-14,8.356594e-14,0.000000e+00,0.000000e+00,-2.318206e+01,0.000000e+00,0.000000e+00,1.214227e-07
0,3.500000e-03,2.052326e-06,-1.039766e-08,7.618043e-08,-8.043450e-06,1.603499e-05,1.101129e-04,-8.119406e-15,-4.504121e-14,1.037790e-13,0.000000e+00,0.000000e+00,-2.327596e+01,-0.000000e+00,0.000000e+00,1.443590e-07
0,4.000000e-03,1.868792e-06,-1.005607e-07,3.791096e-09,-3.670673e-04,-1.803261e-04,-1.447787e-04,-3.462599e-13,-2.304950e-13,-1.364510e-13,0.000000e+00,0.000000e+00,-1.200674e+02,-0.000000e+00,0.000000e+00,1.449972e-07
0,4.500000e-03,1.810612e-06,-2.880587e-08,-1.064958e-07,-1.163601e-04,1.435097e-04,-2.205738e-04,-1.179640e-13,-1.894376e-14,-2.078860e-13,0.000000e+00,0.000000e+00,-1.431823e+01,-0.000000e+00,0.000000e+00,3.372625e-07
0,5.000000e-03,1.723642e-06,1.190423e-07,-1.013257e-07,-1.739413e-04,2.956964e-04,1.034014e-05,-1.688581e-13,-3.070326e-14,9.745607e-15,0.000000e+00,0.000000e+00,-1.956156e+01,-0.000000e+00,0.000000e+00,6.539150e-07
0,5.500000e-03,1.665403e-06,4.833457e-07,-9.001833e-08,-1.164771e-04,7.286067e-04,2.261482e-05,-7.457653e-14,1.770204e-13,2.131398e-14,0.000000e+00,0.000000e+00,1.116079e+02,0.000000e+00,0.000000e+00,1.030147e-06
0,6.000000e-03,1.594201e-06,9.110441e-07,-8.304765e-08,-1.424050e-04,8.553968e-04,1.394135e-05,2.409386e-14,2.607327e-13,1.313940e-14,0.000000e+00,0.000000e+00,1.490998e+02,0.000000e+00,0.000000e+00,1.149463e-06
0,6.500000e-03,1.448899e-06,9.331643e-07,-1.310233e-08,-2.906030e-04,4.424050e-05,1.398906e-04,-1.818002e-13,-1.194445e-13,1.318440e-13,0.000000e+00,0.000000e+00,-7.801282e+00,0.000000e+00,0.000000e+00,3.976984e-07
0,7.000000e-03,1.300769e-06,1.142197e-06,-2.141681e-08,-2.962605e-04,4.180648e-04,-1.662897e-05,5.292446e-15,-4.773603e-14,-1.567260e-14,0.000000e+00,0.000000e+00,-2.647237e+01,0.000000e+00,0.000000e+00,1.056832e-06
0,7.500000e-03,9.938313e-07,1.321378e-06,9.502544e-08,-6.138753e-04,3.583623e-04,2.328845e-04,-2.249203e-13,-6.499208e-14,2.194887e-13,0.000000e+00,0.000000e+00,6.103030e+01,0.000000e+00,0.000000e+00,1.082797e-06
0,8.000000e-03,7.300564e-07,1.539020e-06,1.577175e-08,-5.275498e-04,4.352847e-04,-1.585074e-04,5.559842e-14,-5.525960e-15,-1.493901e-13,0.000000e+00,0.000000e+00,-3.064520e+01,0.000000e+00,0.000000e+00,1.334766e-06
0,8.500000e-03,2.703379e-07,1.750871e-06,-1.218266e-08,-9.194369e-04,4.237016e-04,-5.590882e-05,-2.622443e-13,1.126685e-13,-5.269271e-14,0.000000e+00,0.000000e+00,1.776653e+02,0.000000e+00,-0.000000e+00,1.329659e-06
0,9.000000e-03,4.315892e-08,1.821539e-06,-4.250647e-08,-4.543581e-04,1.413353e-04,-6.064763e-05,-9.796881e-14,8.221335e-14,-5.715905e-14,0.000000e+00,0.000000e+00,6.550097e+01,0.000000e+00,0.000000e+00,6.909040e-07
0,9.500000e-03,-1.189542e-07,1.717170e-06,-7.088112e-08,-3.242262e-04,-2.087364e-04,-5.674930e-05,-1.906072e-14,-2.035184e-13,-5.348495e-14,0.000000e+00,0.000000e+00,8.289525e+00,0.000000e+00,0.000000e+00,6.094060e-07
0,1.000000e-02,-3.896886e-07,1.798891e-06,-1.186480e-07,-5.414689e-04,1.634412e-04,-9.553372e-05,-2.345339e-15,1.892294e-13,-9.003845e-14,0.000000e+00,0.000000e+00,-6.618549e+00,0.000000e+00,0.000000e+00,1.022892e-06
0,1.050000e-02,-5.008707e-07,1.717388e-06,-1.849758e-08,-2.223642e-04,-1.630070e-04,2.003008e-04,1.833078e-15,-1.078345e-13,1.887794e-13,0.000000e+00,0.000000e+00,1.212824e+01,0.000000e+00,0.000000e+00,4.646364e-07
0,1.100000e-02,-6.620234e-07,1.675301e-06,1.018474e-07,-3.223054e-04,-8.417218e-05,2.406900e-04,4.560219e-14,2.256174e-14,2.268451e-13,0.000000e+00,0.000000e+00,-2.971170e+01,0.000000e+00,0.000000e+00,7.597772e-07
0,1.150000e-02,-7.100096e-07,1.535314e-06,-1.027410e-08,-9.597245e-05,-2.799746e-04,-2.242431e-04,2.105942e-13,-1.449068e-13,-2.113446e-13,0.000000e+00,0.000000e+00,-8.399431e+01,0.000000e+00,0.000000e+00,6.804910e-07
0,1.200000e-02,-1.077164e-06,1.405576e-06,-1.864862e-08,-7.343095e-04,-2.594757e-04,-1.674906e-05,-6.830142e-14,4.391370e-14,-1.578539e-14,0.000000e+00,0.000000e+00,2.732409e+01,0.000000e+00,0.000000e+00,1.356716e-06
0,1.250000e-02,-1.255750e-06,1.308377e-06,4.780463e-08,-3.571708e-04,-1.943982e-04,1.329065e-04,8.550973e-15,8.131003e-14,1.252616e-13,0.000000e+00,0.000000e+00,-3.369999e+01,0.000000e+00,0.000000e+00,8.987462e-07
0,1.300000e-02,-1.459787e-06,1.069350e-06,1.959665e-08,-4.080746e-04,-4.780540e-04,-5.641596e-05,-1.512702e-13,-2.266098e-13,-5.317100e-14,0.000000e+00,0.000000e+00,1.556610e+02,0.000000e+00,0.000000e+00,6.844632e-07
0,1.350000e-02,-1.637556e-06,9.455161e-07,-3.747015e-09,-3.555369e-04,-2.476683e-04,-4.668732e-05,-1.486619e-13,2.106841e-14,-4.400175e-14,0.000000e+00,0.000000e+00,4.154627e+01,0.000000e+00,0.000000e+00,6.661983e-07
0,1.400000e-02,-1.645294e-06,8.005993e-07,-1.521632e-08,-1.547662e-05,-2.898336e-04,-2.293861e-05,6.728842e-14,-1.313621e-13,-2.161911e-14,0.000000e+00,0.000000e+00,4.495399e+01,0.000000e+00,0.000000e+00,3.613222e-07
0,1.450000e-02,-1.670229e-06,6.144378e-07,-4.476219e-08,-4.987012e-05,-3.723229e-04,-5.909173e-05,7.786075e-14,-9.430449e-14,-5.569268e-14,0.000000e+00,0.000000e+00,2.941771e+01,0.000000e+00,0.000000e+00,6.093560e-07
0,1.500000e-02,-1.722425e-06,5.230442e-07,-4.048231e-08,-1.043921e-04,-1.827874e-04,8.559752e-06,4.756612e-14,2.244729e-13,8.067450e-15,0.000000e+00,0.000000e+00,-1.353917e+02,0.000000e+00,0.000000e+00,8.780007e-07
0,1.550000e-02,-1.782881e-06,4.422472e-07,-4.016312e-08,-1.209121e-04,-1.615939e-04,6.383737e-07,-1.072384e-14,1.876562e-13,6.016443e-16,0.000000e+00,0.000000e+00,-1.040016e+02,0.000000e+00,0.000000e+00,7.463618e-07
0,1.600000e-02,-1.789400e-06,2.422954e-07,-1.346957e-07,-1.303834e-05,-3.999035e-04,-1.890651e-04,6.479163e-14,-6.615978e-14,-1.781899e-13,0.000000e+00,0.000000e+00,2.808084e+01,0.000000e+00,0.000000e+00,6.863215e-07
0,1.650000e-02,-1.669016e-06,1.431230e-07,-7.671297e-08,2.407678e-04,-1.983449e-04,1.159654e-04,2.690470e-13,1.241911e-13,1.092952e-13,0.000000e+00,0.000000e+00,-9.352618e+01,0.000000e+00,0.000000e+00,6.616290e-07
0,1.700000e-02,-1.714328e-06,-2.332571e-07,-1.398345e-07,-9.062330e-05,-7.527603e-04,-1.262431e-04,-2.887011e-14,-5.011599e-14,-1.189816e-13,0.000000e+00,0.000000e+00,3.318980e+01,0.000000e+00,0.000000e+00,1.293766e-06
0,1.750000e-02,-1.707928e-06,-4.393155e-07,-1.245160e-07,1.279985e-05,-4.121168e-04,3.063691e-05,-5.932380e-14,1.362532e-13,2.887478e-14,0.000000e+00,0.000000e+00,-8.770147e+01,-0.000000e+00,0.000000e+00,1.069136e-06
0,1.800000e-02,-1.637244e-06,-6.338974e-07,-6.236075e-08,1.413676e-04,-3.891636e-04,1.243106e-04,2.877839e-14,3.932173e-14,1.171601e-13,0.000000e+00,0.000000e+00,-1.859870e+01,-0.000000e+00,0.000000e+00,8.630019e-07
0,1.850000e-02,-1.489290e-06,-8.809131e-07,-2.951438e-08,2.959078e-04,-4.940315e-04,6.569275e-05,1.116610e-13,-3.369951e-14,6.191389e-14,0.000000e+00,0.000000e+00,4.335723e+01,-0.000000e+00,0.000000e+00,9.489854e-07
0,1.900000e-02,-1.370244e-06,-1.092641e-06,-1.425055e-07,2.380926e-04,-4.234566e-04,-2.259823e-04,-5.977499e-14,8.132855e-14,-2.129836e-13,0.000000e+00,0.000000e+00,-6.158438e+01,-0.000000e+00,0.000000e+00,1.127172e-06
0,1.950000e-02,-1.193291e-06,-1.412850e-06,-1.075496e-07,3.539063e-04,-6.404181e-04,6.991186e-05,-1.665115e-14,-1.644061e-13,6.589070e-14,0.000000e+00,0.000000e+00,7.153739e+01,-0.000000e+00,0.000000e+00,1.148861e-06
0,2.000000e-02,-1.142084e-06,-1.449576e-06,-7.991401e-08,1.024140e-04,-7.345158e-05,5.527113e-05,-9.070221e-14,8.890387e-14,5.209180e-14,0.000000e+00,0.000000e+00,-7.266805e+01,-0.000000e+00,0.000000e+00,5.289053e-07
0,2.050000e-02,-1.111778e-06,-1.614669e-06,-1.673721e-07,6.061134e-05,-3.301854e-04,-1.749162e-04,-1.651642e-13,-1.360569e-13,-1.648548e-13,0.000000e+00,0.000000e+00,-2.617960e+01,-0.000000e+00,0.000000e+00,6.094635e-07
0,2.100000e-02,-1.093266e-06,-1.498130e-06,-2.079585e-07,3.702363e-05,2.330787e-04,-8.117273e-05,-6.565539e-14,2.889052e-13,-7.650339e-14,0.000000e+00,0.000000e+00,-1.179440e+02,-0.000000e+00,0.000000e+00,2.792856e-07
0,2.150000e-02,-9.323128e-07,-1.462674e-06,-1.121353e-07,3.219071e-04,7.091052e-05,1.916463e-04,8.016589e-14,2.297306e-13,1.806226e-13,0.000000e+00,0.000000e+00,-4.042790e+01,-0.000000e+00,0.000000e+00,5.981036e-07
0,2.200000e-02,-7.102141e-07,-1.611069e-06,-1.211506e-07,4.441974e-04,-2.967900e-04,-1.803056e-05,-1.233497e-13,6.575149e-14,-1.699363e-14,0.000000e+00,0.000000e+00,-8.524618e+01,-0.000000e+00,0.000000e+00,1.301089e-06
0,2.250000e-02,-3.707934e-07,-1.664866e-06,-1.697107e-07,6.788414e-04,-1.075926e-04,-9.712021e-05,1.913308e-13,9.629403e-14,-9.153373e-14,0.000000e+00,0.000000e+00,8.209744e+01,-0.000000e+00,0.000000e+00,1.007054e-06
0,2.300000e-02,-1.203196e-07,-1.691671e-06,-1.253771e-07,5.009475e-04,-5.361042e-05,8.866727e-05,-1.411609e-13,8.606394e-14,8.356714e-14,0.000000e+00,0.000000e+00,-9.734946e+01,-0.000000e+00,0.000000e+00,1.250741e-06
0,2.350000e-02,2.118260e-07,-1.742757e-06,-4.968638e-08,6.642912e-04,-1.021725e-04,1.513814e-04,3.599112e-15,-5.202163e-14,1.426737e-13,0.000000e+00,0.000000e+00,4.555390e+00,-0.000000e+00,0.000000e+00,1.235181e-06
0,2.400000e-02,3.931594e-07,-1.760975e-06,-1.031266e-08,3.626669e-04,-3.643649e-05,7.874742e-05,-1.756382e-13,-9.723393e-14,7.421762e-14,0.000000e+00,0.000000e+00,-1.124661e+02,-0.000000e+00,0.000000e+00,1.067962e-06
0,2.450000e-02,4.720672e-07,-1.678193e-06,-1.004769e-07,1.578155e-04,1.655657e-04,-1.803286e-04,-1.656337e-13,8.585499e-14,-1.699560e-13,0.000000e+00,0.000000e+00,-8.405889e+01,-0.000000e+00,0.000000e+00,6.782677e-07
0,2.500000e-02,6.394429e-07,-1.688220e-06,-1.251760e-07,3.347513e-04,-2.005484e-05,-4.939818e-05,-1.627346e-13,-1.534253e-13,-4.655654e-14,0.000000e+00,0.000000e+00,-1.206296e+02,-0.000000e+00,0.000000e+00,1.010743e-06
0,2.550000e-02,7.608203e-07,-1.542405e-06,-2.284019e-07,2.427550e-04,2.916304e-04,-2.064517e-04,-1.050407e-13,1.484109e-13,-1.945764e-13,0.000000e+00,0.000000e+00,-2.683723e+01,-0.000000e+00,0.000000e+00,7.520713e-07
0,2.600000e-02,1.103933e-06,-1.493260e-06,-2.794956e-07,6.862250e-04,9.828882e-05,-1.021873e-04,1.262501e-13,-1.641128e-13,-9.630918e-14,0.000000e+00,0.000000e+00,2.506315e+01,0.000000e+00,0.000000e+00,1.164917e-06
0,2.650000e-02,1.157728e-06,-1.415494e-06,-2.163645e-07,1.075906e-04,1.555333e-04,1.262622e-04,-4.411620e-14,3.900918e-14,1.189996e-13,0.000000e+00,0.000000e+00,-7.018851e+00,0.000000e+00,0.000000e+00,3.921758e-07
0,2.700000e-02,1.353988e-06,-1.425482e-06,-2.180521e-07,3.925203e-04,-1.997623e-05,-3.375287e-06,1.372112e-13,-2.091772e-13,-3.181276e-15,0.000000e+00,0.000000e+00,-1.521397e+01,0.000000e+00,0.000000e+00,6.416273e-07
0,2.750000e-02,1.310466e-06,-1.234538e-06,-3.136467e-07,-8.704410e-05,3.818870e-04,-1.911891e-04,-1.588520e-13,2.869587e-13,-1.801917e-13,0.000000e+00,0.000000e+00,4.449658e+01,-0.000000e+00,0.000000e+00,2.430639e-07
0,2.800000e-02,1.340661e-06,-1.135511e-06,-2.608609e-07,6.038933e-05,1.980546e-04,1.055715e-04,-1.320208e-13,-1.389490e-14,9.949913e-14,0.000000e+00,0.000000e+00,-5.931117e+01,-0.000000e+00,0.000000e+00,5.789289e-07
0,2.850000e-02,1.478169e-06,-7.445717e-07,-2.628912e-07,2.750152e-04,7.818785e-04,-4.060558e-06,-7.134547e-14,3.466443e-13,-3.827106e-15,0.000000e+00,0.000000e+00,1.318984e+02,-0.000000e+00,0.000000e+00,1.048634e-06
0,2.900000e-02,1.559547e-06,-5.063824e-07,-2.375600e-07,1.627569e-04,4.763786e-04,5.066233e-05,-1.518788e-13,-1.570713e-13,4.774818e-14,0.000000e+00,0.000000e+00,-1.337289e+02,-0.000000e+00,0.000000e+00,1.310804e-06
0,2.950000e-02,1.676506e-06,-1.938827e-07,-2.371246e-07,2.339188e-04,6.249994e-04,8.709565e-07,6.332527e-15,-7.042794e-14,8.208024e-16,0.000000e+00,0.000000e+00,-4.207966e+01,-0.000000e+00,0.000000e+00,1.326894e-06
0,3.000000e-02,1.664668e-06,7.588633e-08,-2.294214e-07,-2.367636e-05,5.395380e-04,1.540633e-05,-8.565185e-14,-3.917442e-14,1.452014e-14,0.000000e+00,0.000000e+00,-3.065135e+01,0.000000e+00,0.000000e+00,1.085921e-06
0,3.050000e-02,1.618436e-06,3.899760e-07,-1.190071e-07,-9.246540e-05,6.281794e-04,2.208285e-04,-5.899144e-14,-2.557744e-14,2.081262e-13,0.000000e+00,0.000000e+00,-1.455794e+01,0.000000e+00,-0.000000e+00,1.202417e-06
0,3.100000e-02,1.490471e-06,7.026447e-07,-6.327886e-08,-2.559288e-04,6.253375e-04,1.114566e-04,-8.781217e-14,-4.723726e-14,1.050452e-13,0.000000e+00,0.000000e+00,-1.615799e+01,0.000000e+00,0.000000e+00,1.272267e-06
0,3.150000e-02,1.338482e-06,1.039853e-06,-7.997645e-08,-3.039786e-04,6.744163e-04,-3.339519e-05,-2.311888e-14,7.694509e-14,-3.147438e-14,0.000000e+00,0.000000e+00,5.116389e+01,0.000000e+00,0.000000e+00,1.187812e-06
0,3.200000e-02,1.174840e-06,1.358869e-06,-3.213899e-08,-3.272832e-04,6.380318e-04,9.567492e-05,6.259727e-14,1.237154e-13,9.017163e-14,0.000000e+00,0.000000e+00,3.711812e+01,0.000000e+00,-0.000000e+00,1.196390e-06
0,3.250000e-02,1.027832e-06,1.436048e-06,-1.075811e-08,-2.940173e-04,1.543578e-04,4.276177e-05,-6.145624e-14,-4.096551e-14,4.030196e-14,0.000000e+00,0.000000e+00,1.163513e+01,0.000000e+00,0.000000e+00,5.976107e-07
0,3.300000e-02,9.038239e-07,1.477900e-06,-1.431710e-08,-2.480154e-04,8.370446e-05,-7.117992e-06,4.162793e-14,-1.182078e-13,-6.708604e-15,0.000000e+00,0.000000e+00,-6.167383e+01,0.000000e+00,0.000000e+00,6.979330e-07
0,3.350000e-02,6.784261e-07,1.628623e-06,1.754879e-08,-4.507956e-04,3.014457e-04,6.373179e-05,-4.159393e-14,4.971302e-14,6.006587e-14,0.000000e+00,0.000000e+00,3.761905e+01,0.000000e+00,0.000000e+00,9.083023e-07
0,3.400000e-02,4.423238e-07,1.654084e-06,4.696812e-08,-4.722046e-04,5.092326e-05,5.883866e-05,-1.527158e-13,-7.377902e-14,5.545413e-14,0.000000e+00,0.000000e+00,6.771950e+01,0.000000e+00,-0.000000e+00,6.520294e-07
0,3.450000e-02,1.894869e-07,1.844943e-06,9.201560e-08,-5.056737e-04,3.817180e-04,9.009495e-05,3.507752e-14,2.229356e-13,8.491252e-14,0.000000e+00,0.000000e+00,1.469027e+01,0.000000e+00,0.000000e+00,1.058359e-06
0,3.500000e-02,9.463305e-08,1.856917e-06,9.115413e-08,-1.897077e-04,2.394696e-05,-1.722929e-06,1.264186e-14,2.907352e-15,-1.623923e-15,0.000000e+00,0.000000e+00,-7.024200e+00,0.000000e+00,0.000000e+00,4.165223e-07
0,3.550000e-02,3.569323e-08,1.929824e-06,1.331846e-07,-1.178796e-04,1.458151e-04,8.406085e-05,8.973581e-14,1.271926e-13,7.922558e-14,0.000000e+00,0.000000e+00,-4.744738e+01,0.000000e+00,0.000000e+00,4.363445e-07
0,3.600000e-02,4.773870e-08,1.993650e-06,1.404098e-07,2.409093e-05,1.276515e-04,1.445058e-05,1.550283e-13,1.178613e-13,1.361927e-14,0.000000e+00,0.000000e+00,-8.400836e+01,0.000000e+00,0.000000e+00,2.981017e-07
0,3.650000e-02,-6.143583e-08,2.026252e-06,6.516117e-08,-2.183490e-04,6.520443e-05,-1.504974e-04,-1.256998e-13,5.953589e-14,-1.418406e-13,0.000000e+00,0.000000e+00,6.761806e+01,0.000000e+00,-0.000000e+00,1.864359e-07
0,3.700000e-02,-4.606276e-08,2.067097e-06,2.840763e-08,3.074612e-05,8.169015e-05,-7.350708e-05,1.073777e-13,7.936825e-14,-6.927871e-14,0.000000e+00,0.000000e+00,-5.743473e+01,0.000000e+00,0.000000e+00,1.855497e-07
0,3.750000e-02,1.618123e-07,1.898863e-06,-2.950235e-08,4.157501e-04,-3.364695e-04,-1.158200e-04,4.405749e-13,-3.160294e-13,-1.091578e-13,0.000000e+00,0.000000e+00,-2.224198e+02,0.000000e+00,0.000000e+00,1.176258e-07
0,3.800000e-02,1.657639e-07,1.836358e-06,-5.663019e-08,7.903164e-06,-1.250087e-04,-5.425569e-05,1.524197e-13,-1.301715e-13,-5.113471e-14,0.000000e+00,0.000000e+00,-9.070772e+01,0.000000e+00,0.000000e+00,3.235822e-07
0,3.850000e-02,1.155535e-07,1.823818e-06,-3.804859e-08,-1.004207e-04,-2.507970e-05,3.716320e-05,9.638616e-14,-4.088084e-14,3.502560e-14,0.000000e+00,0.000000e+00,-5.735591e+01,0.000000e+00,0.000000e+00,4.127231e-07
0,3.900000e-02,-4.731571e-08,1.826169e-06,-5.592419e-08,-3.257384e-04,4.701151e-06,-3.575120e-05,4.281826e-15,-1.529153e-14,-3.369480e-14,0.000000e+00,0.000000e+00,-3.042372e+00,0.000000e+00,0.000000e+00,6.652021e-07
0,3.950000e-02,-2.328969e-07,1.809208e-06,-8.604201e-08,-3.711624e-04,-3.392237e-05,-6.023563e-05,-1.295241e-13,-2.626350e-14,-5.677077e-14,0.000000e+00,0.000000e+00,7.560029e+01,0.000000e+00,0.000000e+00,4.697862e-07
0,4.000000e-02,-3.427629e-07,1.711055e-06,-9.834557e-08,-2.197319e-04,-1.963050e-04,-2.460713e-05,4.316755e-14,-1.527977e-13,-2.319163e-14,0.000000e+00,0.000000e+00,-1.355587e+01,0.000000e+00,0.000000e+00,5.371483e-07
0,4.050000e-02,-5.319149e-07,1.754164e-06,-5.001008e-08,-3.783040e-04,8.621684e-05,9.667098e-05,3.653686e-14,1.600006e-13,9.111038e-14,0.000000e+00,0.000000e+00,-4.089093e+01,0.000000e+00,0.000000e+00,8.164344e-07
0,4.100000e-02,-6.951993e-07,1.690844e-06,-5.088604e-08,-3.265689e-04,-1.266392e-04,-1.751915e-06,-6.436645e-14,-4.554343e-14,-1.651249e-15,0.000000e+00,0.000000e+00,4.330469e+01,0.000000e+00,0.000000e+00,5.441258e-07
0,4.150000e-02,-7.520590e-07,1.682091e-06,-4.479944e-08,-1.137194e-04,-1.750722e-05,1.217320e-05,1.504974e-13,8.944443e-14,1.147299e-14,0.000000e+00,0.000000e+00,-1.005232e+02,0.000000e+00,0.000000e+00,5.944083e-07
0,4.200000e-02,-9.029722e-07,1.542996e-06,-4.852623e-08,-3.018263e-04,-2.781897e-04,-7.453578e-06,-9.666328e-14,-1.782222e-13,-7.024853e-15,0.000000e+00,0.000000e+00,9.270459e+01,0.000000e+00,0.000000e+00,4.423505e-07
0,4.250000e-02,-1.099713e-06,1.407574e-06,1.987857e-09,-3.934814e-04,-2.708440e-04,1.010282e-04,4.507622e-14,-1.186282e-14,9.521692e-14,0.000000e+00,0.000000e+00,-1.953289e+01,0.000000e+00,0.000000e+00,1.005459e-06
0,4.300000e-02,-1.312293e-06,1.229042e-06,4.370120e-08,-4.251604e-04,-3.570628e-04,8.342668e-05,-4.826029e-14,-6.116551e-14,7.862778e-14,0.000000e+00,0.000000e+00,4.495866e+01,0.000000e+00,0.000000e+00,9.323481e-07
0,4.350000e-02,-1.334164e-06,1.158048e-06,-7.138229e-09,-4.374119e-05,-1.419880e-04,-1.016789e-04,1.907984e-13,1.139192e-13,-9.583027e-14,0.000000e+00,0.000000e+00,-1.260354e+02,0.000000e+00,0.000000e+00,7.122047e-07
0,4.400000e-02,-1.547642e-06,9.306115e-07,5.326477e-08,-4.269559e-04,-4.548738e-04,1.208060e-04,-9.500607e-14,-7.457020e-14,1.138572e-13,0.000000e+00,0.000000e+00,7.122481e+01,0.000000e+00,0.000000e+00,9.668361e-07
0,4.450000e-02,-1.616468e-06,7.866392e-07,3.654049e-08,-1.376527e-04,-2.879446e-04,-3.344856e-05,1.104352e-14,-3.726242e-14,-3.152469e-14,0.000000e+00,0.000000e+00,1.541912e+01,0.000000e+00,0.000000e+00,5.757407e-07
0,4.500000e-02,-1.633451e-06,5.915855e-07,1.661080e-08,-3.396555e-05,-3.901075e-04,-3.985938e-05,1.291609e-13,-3.647351e-14,-3.756659e-14,0.000000e+00,0.000000e+00,-1.400063e+01,0.000000e+00,0.000000e+00,7.727459e-07
0,4.550000e-02,-1.713062e-06,3.859899e-07,-1.384405e-08,-1.592225e-04,-4.111913e-04,-6.090972e-05,4.554476e-14,1.525640e-13,-5.740608e-14,0.000000e+00,0.000000e+00,-9.708066e+01,0.000000e+00,0.000000e+00,1.164660e-06
0,4.600000e-02,-1.768285e-06,1.053978e-07,-4.063575e-08,-1.104465e-04,-5.611841e-04,-5.358338e-05,-4.661769e-15,-8.761638e-14,-5.050114e-14,0.000000e+00,0.000000e+00,5.226501e+01,0.000000e+00,0.000000e+00,9.270202e-07
0,4.650000e-02,-1.764880e-06,-9.494966e-08,9.630152e-09,6.809840e-06,-4.006950e-04,1.005318e-04,3.578125e-14,1.149843e-13,9.474916e-14,0.000000e+00,0.000000e+00,-7.002507e+01,0.000000e+00,0.000000e+00,1.020230e-06
0,4.700000e-02,-1.682603e-06,-3.119212e-07,-1.309798e-08,1.645545e-04,-4.339430e-04,-4.545627e-05,1.294464e-13,6.765360e-14,-4.284168e-14,0.000000e+00,0.000000e+00,-3.638044e+01,-0.000000e+00,0.000000e+00,9.845595e-07
0,4.750000e-02,-1.703762e-06,-6.526425e-07,-1.015998e-08,-4.231788e-05,-6.814427e-04,5.876009e-06,-1.553348e-13,-1.946572e-14,5.538065e-15,0.000000e+00,0.000000e+00,-5.687777e+00,-0.000000e+00,0.000000e+00,1.264982e-06
0,4.800000e-02,-1.629127e-06,-8.457051e-07,5.212171e-08,1.492697e-04,-3.861251e-04,1.245634e-04,1.609548e-15,-8.528621e-16,1.173984e-13,0.000000e+00,0.000000e+00,7.983937e-01,-0.000000e+00,0.000000e+00,8.278057e-07
0,4.850000e-02,-1.562784e-06,-9.929588e-07,5.981827e-08,1.326861e-04,-2.945075e-04,1.539311e-05,2.947846e-15,-4.234760e-14,1.450754e-14,0.000000e+00,0.000000e+00,2.251116e+01,-0.000000e+00,0.000000e+00,5.677131e-07
0,4.900000e-02,-1.530238e-06,-1.095214e-06,-3.219925e-08,6.509244e-05,-2.045103e-04,-1.840350e-04,-7.727820e-14,2.543286e-14,-1.734491e-13,0.000000e+00,0.000000e+00,-3.604989e+01,-0.000000e+00,0.000000e+00,5.585490e-07
0,4.950000e-02,-1.441254e-06,-1.152223e-06,-2.901184e-08,1.779669e-04,-1.140173e-04,6.374825e-06,4.630197e-14,6.220098e-14,6.008340e-15,0.000000e+00,0.000000e+00,-1.332500e+01,-0.000000e+00,0.000000e+00,4.581730e-07
0,5.000000e-02,-1.283305e-06,-1.202431e-06,2.132489e-08,3.158985e-04,-1.004167e-04,1.006735e-04,1.439321e-13,9.773397e-14,9.488260e-14,0.000000e+00,0.000000e+00,7.785261e+00,-0.000000e+00,0.000000e+00,5.303666e-07
0,5.050000e-02,-9.704574e-07,-1.423784e-06,5.048448e-08,6.256954e-04,-4.427051e-04,5.831917e-05,2.191078e-13,-2.171766e-14,5.496448e-14,0.000000e+00,0.000000e+00,9.994900e+01,-0.000000e+00,0.000000e+00,1.112417e-06
0,5.100000e-02,-7.431833e-07,-1.586923e-06,3.072227e-08,4.545483e-04,-3.262795e-04,-3.952442e-05,-5.112619e-14,1.933718e-14,-3.725100e-14,0.000000e+00,0.000000e+00,-3.272034e+01,-0.000000e+00,0.000000e+00,1.166984e-06
0,5.150000e-02,-4.837423e-07,-1.678854e-06,-5.823182e-08,5.188820e-04,-1.838611e-04,-1.779082e-04,4.481238e-14,3.475216e-14,-1.676746e-13,0.000000e+00,0.000000e+00,1.564869e+01,-0.000000e+00,0.000000e+00,1.003142e-06
0,5.200000e-02,-2.448744e-07,-1.780651e-06,7.516717e-09,4.777358e-04,-2.035949e-04,1.314971e-04,8.371496e-15,-6.455998e-14,1.239334e-13,0.000000e+00,0.000000e+00,1.574085e+01,-0.000000e+00,0.000000e+00,9.376647e-07
0,5.250000e-02,3.298124e-08,-1.797952e-06,-9.012481e-08,5.557112e-04,-3.460223e-05,-1.952830e-04,9.520155e-14,2.632153e-14,-1.840503e-13,0.000000e+00,0.000000e+00,5.355807e+01,-0.000000e+00,0.000000e+00,9.073849e-07
0,5.300000e-02,1.908736e-07,-1.757877e-06,-5.694301e-08,3.157847e-04,8.015158e-05,6.636360e-05,-3.096024e-14,6.951381e-14,6.254651e-14,0.000000e+00,0.000000e+00,-1.751191e+01,-0.000000e+00,0.000000e+00,6.896776e-07
0,5.350000e-02,4.518744e-07,-1.726275e-06,-3.764847e-08,5.220016e-04,6.320238e-05,3.858907e-05,9.197471e-14,1.613401e-14,3.636931e-14,0.000000e+00,0.000000e+00,5.591315e+01,0.000000e+00,0.000000e+00,8.302796e-07
0,5.400000e-02,5.772517e-07,-1.615479e-06,-5.870473e-08,2.507546e-04,2.215938e-04,-4.211252e-05,-1.482670e-13,1.081742e-13,-3.969021e-14,0.000000e+00,0.000000e+00,-6.899819e+01,-0.000000e+00,0.000000e+00,8.279071e-07
0,5.450000e-02,8.507574e-07,-1.470900e-06,-1.354208e-07,5.470115e-04,2.891576e-04,-1.534322e-04,-4.577391e-14,7.195058e-14,-1.446065e-13,0.000000e+00,0.000000e+00,-1.168566e+01,-0.000000e+00,0.000000e+00,1.193417e-06
0,5.500000e-02,1.134966e-06,-1.279660e-06,-1.568850e-07,5.684181e-04,3.824799e-04,-4.292838e-05,2.464806e-14,6.487788e-14,-4.045892e-14,0.000000e+00,0.000000e+00,3.360634e+01,0.000000e+00,0.000000e+00,1.170830e-06
0,5.550000e-02,1.320266e-06,-1.082718e-06,-1.671938e-07,3.705999e-04,3.938842e-04,-2.061764e-05,-9.794273e-14,-2.542904e-14,-1.943164e-14,0.000000e+00,0.000000e+00,-5.591999e+01,-0.000000e+00,0.000000e+00,1.193308e-06
0,5.600000e-02,1.541362e-06,-7.919685e-07,-1.053832e-07,4.421921e-04,5.814984e-04,1.236212e-04,5.687628e-14,1.092117e-13,1.165104e-13,0.000000e+00,0.000000e+00,7.488866e+01,-0.000000e+00,0.000000e+00,1.130923e-06
0,5.650000e-02,1.647627e-06,-5.996546e-07,-1.653819e-07,2.125285e-04,3.846278e-04,-1.199974e-04,-4.722489e-14,-1.192465e-13,-1.130952e-13,0.000000e+00,0.000000e+00,-7.815537e+01,-0.000000e+00,0.000000e+00,1.095379e-06
0,5.700000e-02,1.749174e-06,-3.361456e-07,-1.264343e-07,2.030939e-04,5.270180e-04,7.789516e-05,4.778362e-14,1.020673e-13,7.341467e-14,0.000000e+00,0.000000e+00,6.793044e+01,-0.000000e+00,0.000000e+00,8.593409e-07
0,5.750000e-02,1.716980e-06,-1.218353e-07,-7.539335e-08,-6.438818e-05,4.286205e-04,1.020820e-04,-1.140145e-13,1.264571e-13,9.621002e-14,0.000000e+00,0.000000e+00,6.115863e+01,-0.000000e+00,0.000000e+00,5.874102e-07
0,5.800000e-02,1.701926e-06,1.345052e-07,-1.142436e-07,-3.010782e-05,5.126810e-04,-7.770057e-05,-6.153322e-14,1.591717e-14,-7.323126e-14,0.000000e+00,0.000000e+00,7.102522e+00,0.000000e+00,0.000000e+00,9.410447e-07
0,5.850000e-02,1.676334e-06,5.346352e-07,-1.342053e-07,-5.118402e-05,8.002601e-04,-3.992340e-05,-6.875772e-16,1.525378e-13,-3.762688e-14,0.000000e+00,0.000000e+00,9.454041e+01,0.000000e+00,0.000000e+00,1.202576e-06
0,5.900000e-02,1.555041e-06,6.467330e-07,-6.922212e-08,-2.425844e-04,2.241956e-04,1.299664e-04,-1.159019e-13,-1.421589e-13,1.224907e-13,0.000000e+00,0.000000e+00,-6.043462e+01,0.000000e+00,-0.000000e+00,7.618238e-07
0,5.950000e-02,1.450726e-06,9.038378e-07,1.618187e-08,-2.086302e-04,5.142096e-04,1.708080e-04,1.681995e-14,-2.859801e-14,1.609828e-13,0.000000e+00,0.000000e+00,-2.070449e+01,0.000000e+00,0.000000e+00,1.092545e-06
0,6.000000e-02,1.266331e-06,1.089677e-06,4.639284e-08,-3.687907e-04,3.716776e-04,6.042193e-05,-8.183475e-14,-7.623854e-14,5.694621e-14,0.000000e+00,0.000000e+00,-1.330494e+01,0.000000e+00,0.000000e+00,1.002480e-06
0,6.050000e-02,1.100695e-06,1.417950e-06,6.529079e-08,-3.312722e-04,6.565458e-04,3.779590e-05,1.003233e-13,1.393607e-13,3.562178e-14,0.000000e+00,0.000000e+00,2.553095e+01,0.000000e+00,0.000000e+00,1.233185e-06
0,6.100000e-02,9.797659e-07,1.581672e-06,9.986468e-08,-2.418579e-04,3.274457e-04,6.914777e-05,4.135833e-14,9.956063e-14,6.517027e-14,0.000000e+00,0.000000e+00,1.677544e+01,0.000000e+00,0.000000e+00,7.141728e-07
0,6.150000e-02,9.293074e-07,1.778612e-06,4.637412e-08,-1.009171e-04,3.938796e-04,-1.069811e-04,8.128561e-14,2.619535e-13,-1.008275e-13,0.000000e+00,0.000000e+00,3.926014e+01,0.000000e+00,0.000000e+00,4.505348e-07
0,6.200000e-02,8.141668e-07,1.796632e-06,9.602288e-08,-2.302813e-04,3.603946e-05,9.929753e-05,-1.423518e-13,-5.055293e-15,9.358595e-14,0.000000e+00,0.000000e+00,6.547117e+01,0.000000e+00,-0.000000e+00,1.973267e-07
0,6.250000e-02,7.697664e-07,1.850661e-06,1.753791e-07,-8.880069e-05,1.080590e-04,1.587125e-04,3.969642e-15,6.211804e-14,1.495831e-13,0.000000e+00,0.000000e+00,1.184715e+01,0.000000e+00,0.000000e+00,2.215362e-07
0,6.300000e-02,7.322918e-07,1.803383e-06,3.115309e-07,-7.494918e-05,-9.455597e-05,2.723035e-04,1.740496e-14,-1.257378e-13,2.566401e-13,0.000000e+00,0.000000e+00,-3.406910e+01,0.000000e+00,0.000000e+00,2.230367e-07
0,6.350000e-02,6.712101e-07,1.805538e-06,3.533489e-07,-1.221635e-04,4.308247e-06,8.363612e-05,7.566240e-16,-4.299964e-14,7.882498e-14,0.000000e+00,0.000000e+00,-9.201076e+00,0.000000e+00,0.000000e+00,2.841130e-07
0,6.400000e-02,6.209846e-07,1.839611e-06,3.454657e-07,-1.004509e-04,6.814639e-05,-1.576653e-05,1.687281e-14,2.275940e-14,-1.485971e-14,0.000000e+00,0.000000e+00,-4.343056e+00,0.000000e+00,0.000000e+00,2.675099e-07
0,6.450000e-02,5.398174e-07,1.849316e-06,3.942178e-07,-1.623344e-04,1.941110e-05,9.750424e-05,-3.821999e-14,-2.044988e-14,9.189571e-14,0.000000e+00,0.000000e+00,1.621502e+01,0.000000e+00,0.000000e+00,2.744771e-07
0,6.500000e-02,4.590662e-07,1.869646e-06,3.026188e-07,-1.615026e-04,4.066005e-05,-1.831979e-04,-3.706125e-14,4.708423e-15,-1.726603e-13,0.000000e+00,0.000000e+00,2.032082e+01,0.000000e+00,0.000000e+00,2.696843e-07
0,6.550000e-02,4.758265e-07,1.925869e-06,1.910692e-07,3.352071e-05,1.124461e-04,-2.230992e-04,1.326282e-13,8.117011e-14,-2.102661e-13,0.000000e+00,0.000000e+00,-6.031990e+01,0.000000e+00,0.000000e+00,2.337334e-07
0,6.600000e-02,4.369363e-07,1.877837e-06,2.077416e-07,-7.778049e-05,-9.606388e-05,3.334462e-05,2.735246e-14,-1.154082e-13,3.142684e-14,0.000000e+00,0.000000e+00,-2.900812e+01,0.000000e+00,0.000000e+00,2.400321e-07
0,6.650000e-02,3.616886e-07,1.770167e-06,1.687802e-07,-1.504953e-04,-2.153408e-04,-7.792264e-05,-3.338018e-14,-2.281902e-13,-7.344048e-14,0.000000e+00,0.000000e+00,-1.056751e+01,0.000000e+00,0.000000e+00,2.505432e-07
0,6.700000e-02,9.666466e-08,1.800755e-06,1.257428e-07,-5.300479e-04,6.117515e-05,-8.607480e-05,-1.835987e-13,-6.901883e-15,-8.112360e-14,0.000000e+00,0.000000e+00,1.048268e+02,0.000000e+00,0.000000e+00,6.799683e-07
0,6.750000e-02,3.694203e-08,1.800193e-06,1.196236e-07,-1.194453e-04,-1.122803e-06,-1.223850e-05,1.627654e-13,-1.583853e-14,-1.153443e-14,0.000000e+00,0.000000e+00,-9.612745e+01,0.000000e+00,0.000000e+00,5.802999e-07
0,6.800000e-02,-1.626637e-07,1.746727e-06,8.773467e-08,-3.992114e-04,-1.069333e-04,-6.377784e-05,-9.383849e-14,-1.065778e-13,-6.010925e-14,0.000000e+00,0.000000e+00,5.399656e+01,0.000000e+00,0.000000e+00,5.935562e-07
0,6.850000e-02,-4.020785e-07,1.695983e-06,5.748533e-08,-4.788296e-04,-1.014866e-04,-6.049866e-05,-5.773620e-14,-5.899956e-14,-5.701864e-14,0.000000e+00,0.000000e+00,3.807880e+01,0.000000e+00,0.000000e+00,8.092123e-07
0,6.900000e-02,-6.767162e-07,1.582457e-06,3.153671e-08,-5.492754e-04,-2.270515e-04,-5.189724e-05,-2.815044e-14,-9.793500e-14,-4.891199e-14,0.000000e+00,0.000000e+00,3.042710e+01,0.000000e+00,0.000000e+00,1.023383e-06
0,6.950000e-02,-1.085132e-06,1.292685e-06,5.390321e-08,-8.168320e-04,-5.795451e-04,4.473300e-05,-2.295427e-13,-3.151553e-13,4.215997e-14,0.000000e+00,0.000000e+00,2.065074e+02,0.000000e+00,0.000000e+00,1.180323e-06
0,7.000000e-02,-1.305594e-06,1.030271e-06,5.878920e-08,-4.409236e-04,-5.248280e-04,9.771975e-06,6.030383e-14,-9.517898e-14,9.209831e-15,0.000000e+00,0.000000e+00,9.434882e+00,0.000000e+00,0.000000e+00,1.223805e-06
0,7.050000e-02,-1.442254e-06,6.651276e-07,5.666848e-08,-2.733195e-04,-7.302866e-04,-4.241439e-06,1.498765e-13,-1.719146e-13,-3.997477e-15,0.000000e+00,0.000000e+00,2.686631e+01,0.000000e+00,0.000000e+00,1.276759e-06
0,7.100000e-02,-1.570284e-06,2.387850e-07,7.035646e-08,-2.560596e-04,-8.526853e-04,2.737596e-05,6.546232e-14,-1.383918e-13,2.580127e-14,0.000000e+00,0.000000e+00,6.564187e+01,0.000000e+00,0.000000e+00,1.357964e-06
0,7.150000e-02,-1.733680e-06,-1.154976e-07,2.361193e-08,-3.267926e-04,-7.085651e-04,-9.348907e-05,-1.912621e-13,9.984479e-14,-8.811151e-14,0.000000e+00,0.000000e+00,-4.673124e+01,0.000000e+00,0.000000e+00,1.439424e-06
0,7.200000e-02,-1.643040e-06,-4.017245e-07,7.567489e-08,1.812798e-04,-5.724537e-04,1.041259e-04,1.344066e-13,7.550728e-15,9.813660e-14,0.000000e+00,0.000000e+00,8.555786e-01,-0.000000e+00,0.000000e+00,1.111807e-06
0,7.250000e-02,-1.536807e-06,-8.160828e-07,-4.345168e-08,2.124662e-04,-8.287166e-04,-2.382531e-04,3.502273e-14,-1.052946e-13,-2.245487e-13,0.000000e+00,0.000000e+00,6.937921e+01,-0.000000e+00,0.000000e+00,1.373251e-06
0,7.300000e-02,-1.412536e-06,-1.016618e-06,-1.064949e-07,2.485427e-04,-4.010695e-04,-1.260864e-04,-3.635140e-14,1.315772e-13,-1.188335e-13,0.000000e+00,0.000000e+00,-8.125611e+01,-0.000000e+00,0.000000e+00,1.171660e-06
0,7.350000e-02,-1.081241e-06,-1.288786e-06,-1.757051e-08,6.625894e-04,-5.443373e-04,1.778488e-04,2.327196e-13,3.129881e-14,1.676189e-13,0.000000e+00,0.000000e+00,6.739315e+01,-0.000000e+00,0.000000e+00,1.362117e-06
0,7.400000e-02,-7.987058e-07,-1.317877e-06,1.529429e-07,5.650700e-04,-5.818207e-05,3.410269e-04,4.701676e-14,3.525217e-13,3.214105e-13,0.000000e+00,0.000000e+00,-1.201849e+02,-0.000000e+00,0.000000e+00,1.244361e-06
0,7.450000e-02,-4.757742e-07,-1.601526e-06,1.816009e-07,6.458633e-04,-5.672970e-04,5.731594e-05,-1.159555e-14,-1.587251e-13,5.401869e-14,0.000000e+00,0.000000e+00,4.981561e+01,-0.000000e+00,0.000000e+00,1.304595e-06
0,7.500000e-02,-7.600476e-08,-1.671644e-06,1.834563e-07,7.995389e-04,-1.402372e-04,3.710716e-06,1.272607e-13,5.388469e-14,3.497208e-15,0.000000e+00,0.000000e+00,6.772964e+01,-0.000000e+00,0.000000e+00,1.273912e-06
0,7.550000e-02,1.961548e-07,-1.588559e-06,1.643863e-07,5.443192e-04,1.661702e-04,-3.813985e-05,-1.022903e-13,1.845879e-13,-3.594601e-14,0.000000e+00,0.000000e+00,-7.010759e+01,-0.000000e+00,0.000000e+00,1.202896e-06
0,7.600000e-02,5.514043e-07,-1.585258e-06,4.604529e-08,7.104989e-04,6.603232e-06,-2.366821e-04,-3.152083e-14,-8.035464e-14,-2.230679e-13,0.000000e+00,0.000000e+00,-2.726452e+01,-0.000000e+00,0.000000e+00,1.319782e-06
0,7.650000e-02,7.630155e-07,-1.483701e-06,5.439791e-08,4.232225e-04,2.031133e-04,1.670525e-05,-2.261875e-13,-2.598796e-14,1.574461e-14,0.000000e+00,0.000000e+00,-1.404473e+02,-0.000000e+00,0.000000e+00,1.296362e-06
0,7.700000e-02,1.088878e-06,-1.340106e-06,5.943637e-08,6.517239e-04,2.871902e-04,1.007692e-05,3.372406e-14,-2.786634e-14,9.497262e-15,0.000000e+00,0.000000e+00,1.096832e+01,0.000000e+00,0.000000e+00,1.271064e-06
0,7.750000e-02,1.284265e-06,-1.200199e-06,2.913711e-08,3.907753e-04,2.798137e-04,-6.059852e-05,-4.818821e-14,-7.468875e-14,-5.711284e-14,0.000000e+00,0.000000e+00,-5.192206e+01,-0.000000e+00,0.000000e+00,1.081415e-06
0,7.800000e-02,1.368336e-06,-1.157296e-06,7.323225e-08,1.681414e-04,8.580525e-05,8.819028e-05,-1.397714e-13,-2.382612e-13,8.311755e-14,0.000000e+00,0.000000e+00,-1.626818e+02,-0.000000e+00,0.000000e+00,8.960514e-07
0,7.850000e-02,1.512848e-06,-9.403914e-07,3.269008e-08,2.890247e-04,4.338099e-04,-8.108433e-05,3.378231e-14,1.267261e-13,-7.642037e-14,0.000000e+00,0.000000e+00,7.020308e+01,-0.000000e+00,0.000000e+00,7.728063e-07
0,7.900000e-02,1.739860e-06,-7.035161e-07,4.329675e-08,4.540243e-04,4.737507e-04,2.121334e-05,2.384544e-13,1.417174e-13,1.999322e-14,0.000000e+00,0.000000e+00,1.466759e+02,0.000000e+00,0.000000e+00,7.460255e-07
0,7.950000e-02,1.809597e-06,-5.683448e-07,2.880992e-08,1.394727e-04,2.703425e-04,-2.897367e-05,6.273641e-14,8.485746e-14,-2.730710e-14,0.000000e+00,0.000000e+00,5.777375e+01,0.000000e+00,0.000000e+00,4.014496e-07
0,8.000000e-02,1.873542e-06,-5.317987e-07,3.902378e-08,1.278910e-04,7.309228e-05,2.042772e-05,7.832495e-14,-6.550624e-14,1.925273e-14,0.000000e+00,0.000000e+00,-2.183129e+01,0.000000e+00,0.000000e+00,3.118059e-07
0,8.050000e-02,1.945532e-06,-5.285558e-07,-4.324176e-08,1.439796e-04,6.485876e-06,-1.645311e-04,1.029276e-13,-1.093369e-13,-1.550671e-13,0.000000e+00,0.000000e+00,-4.199131e+01,0.000000e+00,0.000000e+00,2.727528e-07
0,8.100000e-02,1.903555e-06,-4.180428e-07,-2.415560e-08,-8.395438e-05,2.210260e-04,3.817233e-05,-1.059674e-13,1.095109e-13,3.597680e-14,0.000000e+00,0.000000e+00,4.099734e+01,-0.000000e+00,0.000000e+00,2.408692e-07
0,8.150000e-02,1.925595e-06,-3.392487e-07,-1.636776e-08,4.408104e-05,1.575882e-04,1.557568e-05,1.196343e-14,1.382133e-14,1.467971e-14,0.000000e+00,0.000000e+00,8.746663e+00,-0.000000e+00,0.000000e+00,3.136578e-07
0,8.200000e-02,1.971093e-06,-2.960573e-07,4.795941e-08,9.099486e-05,8.638272e-05,1.286543e-04,6.694361e-14,-2.539311e-14,1.212540e-13,0.000000e+00,0.000000e+00,-7.267615e+00,-0.000000e+00,0.000000e+00,2.474565e-07
0,8.250000e-02,1.932413e-06,-2.071861e-07,1.323312e-07,-7.735941e-05,1.777425e-04,1.687437e-04,-8.785648e-14,6.800572e-14,1.590372e-13,0.000000e+00,0.000000e+00,2.885300e+01,-0.000000e+00,0.000000e+00,2.340615e-07
0,8.300000e-02,2.083483e-06,-1.228777e-07,6.322809e-08,3.021399e-04,1.686168e-04,-1.382063e-04,2.725675e-13,4.519365e-14,-1.302567e-13,0.000000e+00,0.000000e+00,4.039612e+01,-0.000000e+00,0.000000e+00,2.594041e-07
0,8.350000e-02,2.100644e-06,-1.176873e-07,8.044507e-09,3.432214e-05,1.038074e-05,-1.103672e-04,2.982963e-14,-3.290995e-14,-1.040186e-13,0.000000e+00,0.000000e+00,-1.580867e+01,0.000000e+00,0.000000e+00,1.041609e-07
0,8.400000e-02,2.095704e-06,-1.705119e-07,2.485671e-08,-9.880381e-06,-1.056490e-04,3.362441e-05,-1.175669e-14,-1.432066e-13,3.169042e-14,0.000000e+00,0.000000e+00,-7.243870e+01,0.000000e+00,0.000000e+00,1.072972e-07
0,8.450000e-02,1.993407e-06,-8.761242e-08,6.982717e-08,-2.045940e-04,1.657989e-04,8.994092e-05,-1.965272e-13,1.107662e-13,8.476738e-14,0.000000e+00,0.000000e+00,4.766854e+01,0.000000e+00,0.000000e+00,1.119983e-07
0,8.500000e-02,1.961379e-06,2.042367e-08,3.878827e-08,-6.405565e-05,2.160722e-04,-6.207781e-05,-6.371380e-14,1.275831e-13,-5.850712e-14,0.000000e+00,0.000000e+00,6.629023e+01,-0.000000e+00,0.000000e+00,1.772748e-07
0,8.550000e-02,1.950864e-06,1.889056e-07,7.591574e-08,-2.102974e-05,3.369639e-04,7.425495e-05,-1.875216e-14,2.150296e-13,6.998379e-14,0.000000e+00,0.000000e+00,1.164160e+02,0.000000e+00,-0.000000e+00,2.347522e-07
0,8.600000e-02,1.885126e-06,3.666016e-07,1.579616e-08,-1.314769e-04,3.553920e-04,-1.202392e-04,-1.146362e-13,2.391336e-13,-1.133230e-13,0.000000e+00,0.000000e+00,1.348327e+02,0.000000e+00,0.000000e+00,2.201786e-07
0,8.650000e-02,1.793832e-06,6.519960e-07,-3.016656e-08,-1.825872e-04,5.707888e-04,-9.192544e-05,-1.453060e-13,4.002571e-13,-8.663766e-14,0.000000e+00,0.000000e+00,2.323982e+02,0.000000e+00,0.000000e+00,3.143810e-07
0,8.700000e-02,1.857850e-06,7.220226e-07,-1.069780e-07,1.280364e-04,1.400533e-04,-1.536230e-04,1.655044e-13,8.649205e-15,-1.447863e-13,0.000000e+00,0.000000e+00,-2.690979e+01,0.000000e+00,0.000000e+00,2.923244e-07
0,8.750000e-02,1.912849e-06,9.053568e-07,-1.536701e-07,1.099964e-04,3.666683e-04,-9.338419e-05,1.367661e-13,2.604146e-13,-8.801246e-14,0.000000e+00,0.000000e+00,1.028372e+02,0.000000e+00,0.000000e+00,2.125216e-07
0,8.800000e-02,1.793502e-06,9.517841e-07,-1.250698e-07,-2.386935e-04,9.285470e-05,5.720063e-05,-2.118807e-13,5.987136e-14,5.391049e-14,0.000000e+00,0.000000e+00,7.257760e+01,0.000000e+00,0.000000e+00,7.552272e-08
0,8.850000e-02,1.855316e-06,1.044790e-06,-1.351666e-07,1.236290e-04,1.860110e-04,-2.019347e-05,1.426640e-13,1.260427e-13,-1.903198e-14,0.000000e+00,0.000000e+00,2.323383e+01,0.000000e+00,0.000000e+00,1.321555e-07
0,8.900000e-02,1.762869e-06,9.745956e-07,-1.024437e-07,-1.848939e-04,-1.403881e-04,6.544575e-05,-1.568116e-13,-1.632952e-13,6.168126e-14,0.000000e+00,0.000000e+00,-3.256003e+01,0.000000e+00,0.000000e+00,8.834804e-08
0,8.950000e-02,1.740952e-06,1.009517e-06,-9.468827e-08,-4.383567e-05,6.984378e-05,1.551082e-05,1.226769e-15,-1.112219e-14,1.461855e-14,0.000000e+00,0.000000e+00,-5.439807e+00,0.000000e+00,0.000000e+00,2.066795e-07
0,9.000000e-02,1.772896e-06,1.047993e-06,-1.368377e-08,6.388873e-05,7.695207e-05,1.620090e-04,1.023985e-13,-2.233858e-16,1.526901e-13,0.000000e+00,0.000000e+00,-2.718358e+01,0.000000e+00,-0.000000e+00,1.974936e-07
0,9.050000e-02,1.667971e-06,1.081399e-06,-6.881658e-08,-2.098498e-04,6.681199e-05,-1.102656e-04,-1.676050e-13,1.192317e-14,-1.039232e-13,0.000000e+00,0.000000e+00,4.922794e+01,0.000000e+00,0.000000e+00,1.425077e-07
0,9.100000e-02,1.635624e-06,1.070838e-06,1.816562e-08,-6.469341e-05,-2.112297e-05,1.739644e-04,-1.661163e-14,-8.833021e-14,1.639579e-13,0.000000e+00,0.000000e+00,-3.473663e+01,0.000000e+00,-0.000000e+00,1.891613e-07
0,9.150000e-02,1.685168e-06,1.122389e-06,9.181945e-08,9.908715e-05,1.031023e-04,1.473077e-04,1.559959e-13,1.542331e-15,1.388342e-13,0.000000e+00,0.000000e+00,-4.567415e+01,0.000000e+00,0.000000e+00,2.607680e-07
0,9.200000e-02,1.662090e-06,1.106468e-06,1.697235e-07,-4.615639e-05,-3.184156e-05,1.558081e-04,-9.105527e-15,-8.165266e-14,1.468456e-13,0.000000e+00,0.000000e+00,-3.296767e+01,0.000000e+00,-0.000000e+00,1.466063e-07
0,9.250000e-02,1.621999e-06,1.147770e-06,1.914446e-07,-8.018169e-05,8.260267e-05,4.344229e-05,-2.481582e-14,1.611295e-15,4.094327e-14,0.000000e+00,0.000000e+00,8.020262e+00,0.000000e+00,-0.000000e+00,2.134075e-07
0,9.300000e-02,1.469272e-06,1.184683e-06,1.095353e-07,-3.054532e-04,7.382684e-05,-1.638186e-04,-2.362045e-13,-3.450737e-15,-1.543956e-13,0.000000e+00,0.000000e+00,7.135207e+01,0.000000e+00,0.000000e+00,2.074520e-07
0,9.350000e-02,1.387727e-06,1.259376e-06,1.701089e-07,-1.630909e-04,1.493867e-04,1.211473e-04,-7.023230e-14,3.726343e-14,1.141789e-13,0.000000e+00,0.000000e+00,4.109027e+01,0.000000e+00,0.000000e+00,2.929246e-07
0,9.400000e-02,1.305128e-06,1.327019e-06,1.227832e-07,-1.651969e-04,1.352843e-04,-9.465143e-05,-3.629446e-14,-4.066189e-15,-8.920711e-14,0.000000e+00,0.000000e+00,1.210525e+01,0.000000e+00,0.000000e+00,3.885527e-07
0,9.450000e-02,1.293044e-06,1.368615e-06,5.325888e-08,-2.416869e-05,8.319271e-05,-1.390487e-04,1.011246e-13,-4.345175e-14,-1.310503e-13,0.000000e+00,0.000000e+00,-5.846861e+01,0.000000e+00,0.000000e+00,3.774820e-07
0,9.500000e-02,1.288854e-06,1.390548e-06,9.276390e-08,-8.379295e-06,4.386600e-05,7.901005e-05,1.079549e-13,-6.811246e-14,7.446546e-14,0.000000e+00,0.000000e+00,-7.058069e+01,0.000000e+00,-0.000000e+00,3.502002e-07
0,9.550000e-02,1.350548e-06,1.381695e-06,8.011530e-08,1.233882e-04,-1.770609e-05,-2.529719e-05,2.096242e-13,-1.031954e-13,-2.384216e-14,0.000000e+00,0.000000e+00,-1.252943e+02,0.000000e+00,0.000000e+00,2.815719e-07
0,9.600000e-02,1.298311e-06,1.351234e-06,1.196337e-07,-1.044740e-04,-6.092202e-05,7.903678e-05,7.317438e-16,-1.543780e-13,7.449052e-14,0.000000e+00,0.000000e+00,-5.954704e+01,0.000000e+00,0.000000e+00,3.127604e-07
0,9.650000e-02,1.311641e-06,1.449339e-06,2.177890e-07,2.666002e-05,1.962110e-04,1.963107e-04,1.360106e-13,7.838374e-14,1.850186e-13,0.000000e+00,0.000000e+00,-2.478212e+01,0.000000e+00,-0.000000e+00,3.362746e-07
0,9.700000e-02,1.204357e-06,1.469955e-06,1.458586e-07,-2.145695e-04,4.123170e-05,-1.438609e-04,-1.264823e-13,-2.968882e-14,-1.355860e-13,0.000000e+00,0.000000e+00,4.009077e+01,0.000000e+00,0.000000e+00,2.330339e-07
0,9.750000e-02,1.172308e-06,1.544145e-06,4.137238e-08,-6.409816e-05,1.483796e-04,-2.089724e-04,3.736672e-14,5.973386e-14,-1.969520e-13,0.000000e+00,0.000000e+00,4.998903e+00,0.000000e+00,-0.000000e+00,2.803230e-07
0,9.800000e-02,1.026565e-06,1.588788e-06,5.094739e-08,-2.914860e-04,8.928599e-05,1.915002e-05,-1.818383e-13,1.363518e-14,1.804872e-14,0.000000e+00,0.000000e+00,8.377444e+01,0.000000e+00,-0.000000e+00,2.638378e-07
0,9.850000e-02,9.761862e-07,1.516164e-06,3.209987e-08,-1.007568e-04,-1.452476e-04,-3.769503e-05,1.054505e-14,-2.050635e-13,-3.552679e-14,0.000000e+00,0.000000e+00,-6.739210e+01,0.000000e+00,0.000000e+00,2.772864e-07
0,9.900000e-02,8.286867e-07,1.607073e-06,1.419532e-07,-2.949989e-04,1.818167e-04,2.197066e-04,-5.286086e-14,2.638274e-14,2.070689e-13,0.000000e+00,0.000000e+00,3.455538e+01,0.000000e+00,0.000000e+00,5.635759e-07
0,9.950000e-02,6.930296e-07,1.686377e-06,1.540367e-07,-2.713143e-04,1.586086e-04,2.416702e-05,-2.061903e-14,2.826164e-14,2.277666e-14,0.000000e+00,0.000000e+00,1.835466e+01,0.000000e+00,0.000000e+00,5.581409e-07
0,1.000000e-01,5.256350e-07,1.773270e-06,1.556317e-07,-3.347892e-04,1.737863e-04,3.189969e-06,-9.878739e-14,7.471712e-14,3.006452e-15,0.000000e+00,0.000000e+00,6.970258e+01,0.000000e+00,0.000000e+00,4.985986e-07
